USE DemoJoins;


 -- Table-1
-- Create the faculty table to store information about faculty members
CREATE TABLE faculty (
  faculty_id INT PRIMARY KEY, -- Unique identifier for each faculty
  faculty_name VARCHAR(255), -- Name of the faculty
  faculty_description TEXT, -- Description of the faculty
  dean VARCHAR(255), -- Dean of the faculty
  faculty_location VARCHAR(255), -- Location of the faculty
  faculty_contact_info VARCHAR(255) -- Contact information for the faculty
);

-- Insert sample data into the faculty table
INSERT INTO faculty (faculty_id, faculty_name, faculty_description, dean, faculty_location, faculty_contact_info) VALUES
(1, 'Faculty of Science', 'Covers various scientific disciplines', 'Dr. Alice Smith', 'Building A', 'alice.smith@example.com'),
(2, 'Faculty of Engineering', 'Focuses on engineering and technology', 'Dr. Bob Johnson', 'Building B', 'bob.johnson@example.com'),
(3, 'Faculty of Arts', 'Includes humanities and social sciences', 'Dr. Carol Williams', 'Building C', 'carol.williams@example.com'),
(4, 'Faculty of Business', 'Offers business and management courses', 'Dr. David Brown', 'Building D', 'david.brown@example.com'),
(5, 'Faculty of Education', 'Dedicated to teacher training and education studies', 'Dr. Eva Davis', 'Building E', 'eva.davis@example.com');


-- Table-2
-- Create the department table to store information about departments within faculties
CREATE TABLE department (
  department_id INT PRIMARY KEY, -- Unique identifier for each department
  department_name VARCHAR(255), -- Name of the department
  department_description TEXT, -- Description of the department
  faculty_id INT, -- Foreign key referencing the faculty
  department_head VARCHAR(255), -- Head of the department
  department_location VARCHAR(255), -- Location of the department
  FOREIGN KEY (faculty_id) REFERENCES faculty(faculty_id) -- Establishing relationship with faculty
);


-- Insert sample data into the department table
INSERT INTO department (department_id, department_name, department_description, faculty_id, department_head, department_location) VALUES
(1, 'Department of Physics', 'Study of matter and energy', 1, 'Dr. Emily White', 'Room 101'),
(2, 'Department of Computer Science', 'Focus on computing and programming', 1, 'Dr. Frank Green', 'Room 102'),
(3, 'Department of Civil Engineering', 'Deals with infrastructure and construction', 2, 'Dr. Grace Black', 'Room 201'),
(4, 'Department of Mechanical Engineering', 'Focus on machinery and mechanics', 2, 'Dr. Henry Blue', 'Room 202'),
(5, 'Department of History', 'Study of past events and societies', 3, 'Dr. Irene Red', 'Room 301');


-- Table-3
-- Create the students table to store information about students
CREATE TABLE students (
  student_id INT PRIMARY KEY, -- Unique identifier for each student
  student_name VARCHAR(255), -- Name of the student
  student_email VARCHAR(255), -- Email of the student
  department_id INT, -- Foreign key referencing the department
  enrollment_year INT, -- Year of enrollment
  faculty_id INT, -- Foreign key referencing the faculty
  FOREIGN KEY (department_id) REFERENCES department(department_id), -- Establishing relationship with department
  FOREIGN KEY (faculty_id) REFERENCES faculty(faculty_id) -- Establishing relationship with faculty
);
select * from students;
-- Insert sample data into the students table
INSERT INTO students (student_id, student_name, student_email, department_id, enrollment_year, faculty_id) VALUES
(1, 'John Doe', 'john.doe@example.com', 1, 2021, 1),
(2, 'Jane Smith', 'jane.smith@example.com', 2, 2020, 1),
(3, 'Alice Johnson', 'alice.johnson@example.com', 1, 2022, 1),
(4, 'Bob Brown', 'bob.brown@example.com', 3, 2021, 2),
(5, 'Charlie Davis', 'charlie.davis@example.com', 4, 2023, 2);


-- Table-4
-- Create the salary table to store salary information for faculty members
CREATE TABLE salary (
  salary_id INT PRIMARY KEY, -- Unique identifier for each salary record
  faculty_id INT, -- Foreign key referencing the faculty
  amount DECIMAL(10, 2), -- Salary amount
  payment_date DATE, -- Date of salary payment
  FOREIGN KEY (faculty_id) REFERENCES faculty(faculty_id) -- Establishing relationship with faculty
);

-- Insert sample data into the salary table
INSERT INTO salary (salary_id, faculty_id, amount, payment_date) VALUES
(1, 1, 75000.00, '2023-01-15'),
(2, 2, 80000.00, '2023-01-15'),
(3, 3, 70000.00, '2023-01-15'),
(4, 4, 72000.00, '2023-01-15'),
(5, 5, 68000.00, '2023-01-15');

-- Table-5
-- Create the marks table to store marks obtained by students
CREATE TABLE marks (
  marks_id INT PRIMARY KEY, -- Unique identifier for each marks record
  student_id INT, -- Foreign key referencing the student
  subject_name VARCHAR(255), -- Name of the subject
  marks_obtained INT, -- Marks obtained by the student
  semester INT, -- Semester in which the marks were obtained
  FOREIGN KEY (student_id) REFERENCES students(student_id) -- Establishing relationship with students
);

-- Insert sample data into the marks table
INSERT INTO marks (marks_id, student_id, subject_name, marks_obtained, semester) VALUES
(1, 1, 'Physics', 85, 1),
(2, 1, 'Mathematics', 90, 1),
(3, 2, 'Computer Science', 88, 2),
(4, 3, 'Physics', 92, 1),
(5, 4, 'Civil Engineering', 75, 2),
(6, 5, 'Business Management', 80, 1);

SELECT faculty.faculty_id, faculty_name, student_name
FROM students
INNER JOIN faculty ON students.faculty_id = faculty.faculty_id;

/*SELECT marks.marks_id,subject_name, marks_obtained
FROM marks
INNER JOIN students ON students.marks_id = marks.student_obtained;*/ -- doubt

SELECT marks.* ,Student_name
FROM Students
INNER JOIN marks ON marks.student_id = marks.marks_id; 

SELECT salary.*, department_name
From department
INNER JOIN salary ON salary.faculty_id = salary.salary_id;

SELECT department.*, subject_name,student_id,marks_id
FROM marks
RIGHT JOIN department ON marks.student_id = marks.marks_id;

SELECT salary.*, faculty.faculty_name, faculty.faculty_description
FROM faculty
CROSS JOIN salary;
